id,name,price,expires,
1,"Pasta - Lasagna Noodle, Frozen",4.54,1/23/2019,
2,Turkey - Ground. Lean,4.47,3/12/2019,
3,Bread Base - Italian,1.24,5/3/2019,
4,Lotus Leaves,3.97,3/20/2019,
5,Scallop - St. Jaques,3.16,1/30/2019,
6,Tea - Apple Green Tea,2.37,7/8/2019,
7,Bagelers - Cinn / Brown Sugar,2.31,6/27/2019,
8,"Lemonade - Island Tea, 591 Ml",3.24,11/29/2019,
9,Onions - Vidalia,4.11,11/25/2019,
10,Figs,4.67,11/11/2019,
11,Bread Crumbs - Panko,1.71,4/16/2019,
12,Pork - Smoked Back Bacon,3.22,6/9/2019,
13,Bread - White Epi Baguette,2.37,7/9/2019,
14,Toamtoes 6x7 Select,3.05,3/19/2019,
15,Tea - Mint,2.03,3/2/2019,
16,Tomatoes Tear Drop,3.76,9/3/2019,
17,Prunes - Pitted,2.66,2/25/2019,
18,"Veal - Tenderloin, Untrimmed",3.43,2/28/2019,
19,Anchovy Fillets,1.87,2/26/2019,
20,Wine - Tribal Sauvignon,4.36,10/8/2019,
21,Bread - Italian Sesame Poly,3.38,1/28/2019,
22,Chips Potato All Dressed - 43g,4.45,7/17/2019,
23,Wine - Ej Gallo Sonoma,2.17,9/17/2019,
24,Trout - Smoked,1.42,9/14/2019,
25,Magnotta - Bel Paese White,3.27,6/28/2019,
26,"Salsify, Organic",2.16,8/10/2019,
27,Pumpkin,4.66,6/12/2019,
28,Beans - French,4.09,7/18/2019,
29,Soup - Campbells - Tomato,3.87,8/19/2019,
30,Bag Clear 10 Lb,1.79,10/31/2019,
31,"Juice - Apple, 500 Ml",3.22,3/15/2019,
32,Chocolate - Sugar Free Semi Choc,2.69,3/11/2019,
33,Chicken - Ground,1.39,10/26/2019,
34,Veal Inside - Provimi,1.53,1/21/2019,
35,Onion - Dried,1.63,5/29/2019,
36,Cumin - Whole,1.97,2/15/2019,
37,"Apple - Delicious, Red",2.96,5/28/2019,
38,Truffle Cups - Brown,1.04,12/22/2019,
39,Aspic - Amber,4.36,7/5/2019,
40,Icecream - Dstk Cml And Fdg,2.98,9/3/2019,
41,Bread - Pain Au Liat X12,1.66,5/4/2019,
42,Sauce Bbq Smokey,3.32,7/27/2019,
43,Nut - Macadamia,2.32,12/16/2019,
44,Bread - Malt,2.56,8/30/2019,
45,Bread - Hamburger Buns,4.43,8/30/2019,
46,Hold Up Tool Storage Rack,3.66,2/3/2019,
47,Banana - Leaves,4.8,1/9/2019,
48,Mackerel Whole Fresh,3.98,7/25/2019,
49,Scotch - Queen Anne,2.14,5/20/2019,
50,Bread Bowl Plain,2.09,12/4/2019,
51,Pomello,4.37,10/23/2019,
52,Truffle Shells - White Chocolate,3.77,6/10/2019,
53,Appetizer - Shrimp Puff,4.6,1/20/2019,
54,"Chilli Paste, Ginger Garlic",2.54,8/11/2019,
55,Muffins - Assorted,2.89,2/23/2019,
56,Wine - Maipo Valle Cabernet,2.82,3/13/2019,
57,Tomato - Green,1.07,7/6/2019,
58,"Gingerale - Schweppes, 355 Ml",1.15,6/3/2019,
59,Soup - Campbells Chicken,3.96,7/25/2019,
60,"Wine - Red, Mouton Cadet",4.47,1/7/2019,
61,Veal - Eye Of Round,4.84,3/17/2019,
62,Veal Inside - Provimi,4.66,6/6/2019,
63,Savory,4,12/14/2019,
64,Container - Hngd Cll Blk 7x7x3,3.22,11/9/2019,
65,Wine - Guy Sage Touraine,1.48,5/18/2019,
66,Lettuce - Red Leaf,1.88,1/7/2019,
67,"Wine - Red, Marechal Foch",4.99,3/2/2019,
68,"Chicken - Wings, Tip Off",2.5,4/6/2019,
69,V8 - Vegetable Cocktail,2.72,10/30/2019,
70,Island Oasis - Raspberry,3.64,3/25/2019,
71,Table Cloth 81x81 Colour,2.51,6/27/2019,
72,Olives - Nicoise,2.31,7/4/2019,
73,Cream - 10%,4.2,5/18/2019,
74,Cookie Dough - Chocolate Chip,1.99,7/20/2019,
75,Eggplant - Baby,4.97,1/17/2019,
76,Lotus Rootlets - Canned,3.19,1/8/2019,
77,Apricots - Halves,2.12,4/17/2019,
78,Veal - Eye Of Round,1.09,8/1/2019,
79,"Pork - Bacon, Sliced",4.3,5/28/2019,
80,Chocolate - Semi Sweet,4.96,5/7/2019,
81,"Cheese - Cheddar, Mild",1.32,12/30/2019,
82,Cheese - Gouda,4.59,2/19/2019,
83,"Potatoes - Yukon Gold, 80 Ct",2.57,10/26/2019,
84,Ice Cream Bar - Drumstick,1.55,6/11/2019,
85,Beef - Montreal Smoked Brisket,2.88,7/10/2019,
86,Rabbit - Whole,1.73,7/9/2019,
87,Snapple - Iced Tea Peach,3.32,3/20/2019,
88,Magnotta - Bel Paese White,1.21,1/18/2019,
89,Plastic Arrow Stir Stick,3.5,4/9/2019,
90,Scallops - 20/30,2,2/22/2019,
91,Pastry - Apple Large,1.37,1/26/2019,
92,Pork Ham Prager,3.47,4/26/2019,
93,Amaretto,2.14,4/2/2019,
94,Sage - Rubbed,1.71,4/29/2019,
95,Kellogs Cereal In A Cup,4.01,2/9/2019,
96,Bread - Italian Corn Meal Poly,2.15,8/3/2019,
97,Cake - Box Window 10x10x2.5,4.08,6/23/2019,
98,"Potatoes - Purple, Organic",1.07,2/25/2019,
99,Wine - Kwv Chenin Blanc South,1.87,9/15/2019,
100,Chocolate - Mi - Amere Semi,1.62,10/16/2019,
101,"Crab - Claws, Snow 16 - 24",4.94,2/26/2019,
102,"Vodka - Hot, Lnferno",3.85,12/12/2019,
103,Chives - Fresh,1.6,11/15/2019,
104,"Wine - Red, Harrow Estates, Cab",3.36,2/10/2019,
105,Pork - Side Ribs,4.85,10/29/2019,
106,"Syrup - Monin, Irish Cream",4.21,5/6/2019,
107,Mackerel Whole Fresh,1.88,2/7/2019,
108,Garlic Powder,2.27,12/16/2019,
109,Chips - Potato Jalapeno,1.54,12/30/2019,
110,Ham - Virginia,1.06,6/28/2019,
111,Breadfruit,2.96,12/8/2019,
112,Macaroons - Homestyle Two Bit,3.69,11/6/2019,
113,Table Cloth 54x54 White,4.92,3/25/2019,
114,Bread - Corn Muffaletta,1.53,5/25/2019,
115,Pears - Fiorelle,3.46,5/28/2019,
116,Nectarines,3.75,6/18/2019,
117,"Pepsi - Diet, 355 Ml",3.87,10/11/2019,
118,Nestea - Iced Tea,1.73,8/26/2019,
119,Cod - Black Whole Fillet,3.64,11/9/2019,
120,Tandoori Curry Paste,1.23,11/2/2019,
121,Chick Peas - Dried,4.68,8/31/2019,
122,Sugar - Palm,4.32,2/6/2019,
123,Wine - Shiraz Wolf Blass Premium,3.59,12/2/2019,
124,Creme De Banane - Marie,1.9,1/12/2019,
125,Lighter - Bbq,3.31,7/20/2019,
126,Mussels - Cultivated,4.41,3/28/2019,
127,"Beef - Rib Roast, Cap On",3.38,3/7/2019,
128,Tea - Herbal - 6 Asst,2.94,8/29/2019,
129,Trueblue - Blueberry Cranberry,4.18,7/7/2019,
130,"Bread - Pullman, Sliced",4.13,7/7/2019,
131,"Tray - Foam, Square 4 - S",2.57,8/24/2019,
132,Tofu - Firm,4.1,7/22/2019,
133,Veal - Inside,2.39,10/29/2019,
134,Pepper - Green Thai,1.52,7/12/2019,
135,Trout - Smoked,3.74,10/23/2019,
136,Red Currant Jelly,3.33,4/15/2019,
137,Chickensplit Half,1.51,4/1/2019,
138,Soup - Campbells Mac N Cheese,2.76,1/10/2019,
139,Truffle - Whole Black Peeled,4.76,1/10/2019,
140,Alize Sunset,4.46,2/21/2019,
141,Sauce - Hollandaise,2.3,11/24/2019,
142,Bag - Clear 7 Lb,4.52,12/1/2019,
143,French Pastries,2.77,4/19/2019,
144,Cake - Miini Cheesecake Cherry,1.62,5/4/2019,
145,"Doilies - 10, Paper",3,9/18/2019,
146,Chocolate Liqueur - Godet White,1.75,6/8/2019,
147,Rice - Jasmine Sented,3.56,7/2/2019,
148,Samosa - Veg,4.42,8/17/2019,
149,Cake - Lemon Chiffon,1.56,8/25/2019,
150,"Lobster - Baby, Boiled",2.57,6/7/2019,
151,Chicken Thigh - Bone Out,1.73,9/14/2019,
152,"Pineapple - Canned, Rings",2.85,3/19/2019,
153,"Juice - Pineapple, 341 Ml",1.44,11/16/2019,
154,"Nut - Almond, Blanched, Ground",3.94,8/11/2019,
155,Squeeze Bottle,1.68,7/11/2019,
156,Wine - Maipo Valle Cabernet,4.05,7/17/2019,
157,Cheese - Stilton,3.8,9/15/2019,
158,Pastry - Cherry Danish - Mini,4.02,5/24/2019,
159,"Butter - Salted, Micro",1.97,11/25/2019,
160,Beets - Golden,3.48,4/17/2019,
161,Emulsifier,2.11,1/28/2019,
162,Pork Loin Cutlets,3.08,8/16/2019,
163,Puree - Mocha,4.93,4/16/2019,
164,Compound - Rum,3.81,9/19/2019,
165,Rolled Oats,2.16,12/26/2019,
166,Petite Baguette,3.28,8/5/2019,
167,Longan,4.17,2/19/2019,
168,"Trout - Rainbow, Frozen",3.83,7/6/2019,
169,Sea Urchin,3.04,10/29/2019,
170,Loquat,1.13,5/29/2019,
171,"Leeks - Baby, White",2.43,6/26/2019,
172,"Pork - Bacon, Double Smoked",4.16,3/20/2019,
173,Beef - Tenderloin Tails,2.24,12/9/2019,
174,"Salsify, Organic",2.67,6/14/2019,
175,Sausage - Chorizo,3.87,9/11/2019,
176,"Apple - Delicious, Red",4.2,11/28/2019,
177,Zucchini - Green,1.31,11/17/2019,
178,Muffin Orange Individual,2.92,1/27/2019,
179,Chicken - Base,1.52,11/25/2019,
180,Bay Leaf Ground,3.33,9/10/2019,
181,Muffin Mix - Corn Harvest,4.52,1/16/2019,
182,Muffin - Mix - Bran And Maple 15l,1.41,5/2/2019,
183,Wine - Chablis 2003 Champs,4.9,8/5/2019,
184,Cabbage Roll,2.21,12/28/2019,
185,Campari,3.76,8/13/2019,
186,Tea Leaves - Oolong,4.7,5/8/2019,
187,Soho Lychee Liqueur,4.04,12/27/2019,
188,Beef - Tender Tips,4.63,6/10/2019,
189,Flower - Dish Garden,2.92,5/13/2019,
190,Coffee - Decaffeinato Coffee,4.88,4/9/2019,
191,Jolt Cola - Electric Blue,4.73,12/10/2019,
192,Oil - Sunflower,2.07,6/4/2019,
193,Canadian Emmenthal,2.22,6/29/2019,
194,Beer - Steamwhistle,4.28,5/23/2019,
195,Garbage Bag - Clear,3.65,11/25/2019,
196,Appetizer - Escargot Puff,1.39,6/9/2019,
197,Table Cloth 62x120 Colour,3.64,3/30/2019,
198,Cornish Hen,2.96,3/9/2019,
199,Beer - Fruli,4.07,2/16/2019,
200,"Quail - Whole, Boneless",4.46,12/5/2019,
201,Curry Paste - Madras,4.57,6/25/2019,
202,"Sugar - Sweet N Low, Individual",3.89,7/4/2019,
203,Wine - Fat Bastard Merlot,2.54,6/6/2019,
204,Fond - Chocolate,3.72,3/22/2019,
205,Olive - Spread Tapenade,3.36,1/13/2019,
206,"Soup - Knorr, Chicken Noodle",4.47,11/9/2019,
207,Oil - Pumpkinseed,3.74,8/21/2019,
208,"Beef - Baby, Liver",1.12,10/23/2019,
209,Juice - V8 Splash,1.25,6/11/2019,
210,Chinese Foods - Chicken Wing,1.74,3/4/2019,
211,Trueblue - Blueberry 12x473ml,1.25,12/6/2019,
212,Cookie Dough - Chocolate Chip,3.29,11/28/2019,
213,Cumin - Whole,1.9,5/4/2019,
214,Tea Peppermint,1.93,1/24/2019,
215,White Fish - Filets,3.52,7/2/2019,
216,Cheese - Bocconcini,2.44,12/16/2019,
217,"Cookies - Oreo, 4 Pack",2.93,10/18/2019,
218,Bread - Corn Muffaleta Onion,1.58,1/20/2019,
219,Beer - Sleeman Fine Porter,1.88,1/2/2019,
220,Wine - Sauvignon Blanc Oyster,2.41,3/9/2019,
221,Ice Cream - Life Savers,1.38,11/4/2019,
222,Water - Perrier,3.44,12/12/2019,
223,"Nut - Pine Nuts, Whole",3.21,2/27/2019,
224,Wine - Pinot Noir Mondavi Coastal,3.62,1/15/2019,
225,Spice - Paprika,1.8,1/11/2019,
226,Cookie Dough - Oatmeal Rasin,2.05,5/4/2019,
227,Cleaner - Bleach,4.63,3/24/2019,
228,Salt - Sea,3.09,5/7/2019,
229,Truffle Cups - Red,4.59,10/30/2019,
230,Flounder - Fresh,1.97,11/13/2019,
231,Kale - Red,1.38,6/26/2019,
232,"Crab - Dungeness, Whole, live",1.19,11/22/2019,
233,Apricots - Dried,3.93,2/20/2019,
234,"Soup - Knorr, Ministrone",1.76,6/27/2019,
235,Chicken - Wieners,3.81,8/3/2019,
236,Wine - Chateauneuf Du Pape,4.28,4/28/2019,
237,Papayas,1.52,12/20/2019,
238,Lettuce - Frisee,3.8,11/22/2019,
239,Cocoa Butter,3.29,6/7/2019,
240,Spinach - Frozen,3.09,6/25/2019,
241,Relish,3.42,11/3/2019,
242,"Tea - Darjeeling, Azzura",3.21,5/18/2019,
243,"Pasta - Penne, Lisce, Dry",4.03,1/8/2019,
244,Olives - Stuffed,1.44,6/8/2019,
245,Truffle Shells - Semi - Sweet,3.09,10/31/2019,
246,Oil - Grapeseed Oil,4.69,5/14/2019,
247,Pastry - Butterscotch Baked,2.33,7/25/2019,
248,Chocolate - Chips Compound,3.27,4/27/2019,
249,"Beef - Rib Roast, Capless",4.19,2/12/2019,
250,Chinese Foods - Plain Fried Rice,2.05,4/18/2019,
251,Sauce - Marinara,1.71,6/13/2019,
252,Pastry - Chocolate Marble Tea,4.37,6/15/2019,
253,Compound - Strawberry,3.29,2/8/2019,
254,Fenngreek Seed,2.19,10/18/2019,
255,Sauce - Caesar Dressing,3.76,8/14/2019,
256,Anchovy Paste - 56 G Tube,3.81,3/21/2019,
257,Pasta - Cheese / Spinach Bauletti,1.56,4/6/2019,
258,Piping - Bags Quizna,4.38,9/27/2019,
259,Towel Dispenser,1.95,9/10/2019,
260,Absolut Citron,1.67,6/21/2019,
261,Bread - Bistro White,4.54,1/9/2019,
262,Pastry - Plain Baked Croissant,4.62,6/16/2019,
263,Breadfruit,4.03,4/26/2019,
264,Coffee Caramel Biscotti,2.59,12/9/2019,
265,Food Colouring - Red,4.87,3/28/2019,
266,"Beans - Long, Chinese",3.55,12/26/2019,
267,Tea Leaves - Oolong,1.72,12/22/2019,
268,Sauce - Balsamic Viniagrette,3.08,7/8/2019,
269,Shortbread - Cookie Crumbs,3.39,10/18/2019,
270,Water - San Pellegrino,4.14,5/31/2019,
271,"Mushroom - Morels, Dry",1.92,12/4/2019,
272,"Pasta - Gnocchi, Potato",4.39,8/6/2019,
273,Pur Source,3.99,7/29/2019,
274,Nestea - Iced Tea,3.36,6/15/2019,
275,Chocolate Bar - Oh Henry,3.99,9/24/2019,
276,Apricots Fresh,2.49,12/19/2019,
277,"Lid - Translucent, 3.5 And 6 Oz",2.32,3/7/2019,
278,Flour - Bread,1.85,7/7/2019,
279,Apron,1.29,1/31/2019,
280,"Napkin - Dinner, White",1.25,5/3/2019,
281,Lemon Pepper,1.53,11/17/2019,
282,Cookie Dough - Chocolate Chip,2.82,2/17/2019,
283,Onions - Cippolini,2.87,2/4/2019,
284,Beef - Montreal Smoked Brisket,1.2,3/7/2019,
285,Mousse - Passion Fruit,3.19,7/24/2019,
286,Mushroom - White Button,3.25,8/28/2019,
287,"Rum - Cream, Amarula",2.64,10/24/2019,
288,Ecolab - Hobart Washarm End Cap,1.57,6/2/2019,
289,Tea - Decaf 1 Cup,3.4,8/28/2019,
290,Fiddlehead - Frozen,3.91,4/14/2019,
291,Jagermeister,2.93,5/20/2019,
292,Fondant - Icing,4.94,7/13/2019,
293,"Yogurt - Raspberry, 175 Gr",3.46,4/30/2019,
294,Dried Cherries,3.95,9/22/2019,
295,Halibut - Steaks,4.88,6/26/2019,
296,Flower - Leather Leaf Fern,3.33,1/17/2019,
297,"Chicken - Base, Ultimate",2.74,10/3/2019,
298,Kellogs Cereal In A Cup,4.04,5/29/2019,
299,"Roe - Lump Fish, Black",4.88,9/23/2019,
300,"Veal - Brisket, Provimi,bnls",2.93,9/6/2019,
301,Pie Filling - Cherry,4.48,6/3/2019,
302,Longos - Penne With Pesto,1.6,11/15/2019,
303,Soup Campbells - Tomato Bisque,1.72,9/1/2019,
304,Chivas Regal - 12 Year Old,3.78,10/27/2019,
305,Flavouring - Orange,1.74,12/26/2019,
306,"Vermacelli - Sprinkles, Assorted",3.52,3/27/2019,
307,Salt And Pepper Mix - White,3.88,11/10/2019,
308,Coffee Beans - Chocolate,2.94,8/4/2019,
309,Wine - Baron De Rothschild,3.35,6/12/2019,
310,"Beef - Bones, Marrow",4.51,11/15/2019,
311,Corn - On The Cob,2.29,11/3/2019,
312,"Lamb - Whole, Fresh",2.29,8/18/2019,
313,Veal - Knuckle,4.82,3/3/2019,
314,Cranberries - Dry,3.78,11/30/2019,
315,Muffin Batt - Blueberry Passion,3.58,2/26/2019,
316,"Pork - Butt, Boneless",2.92,12/19/2019,
317,Pie Pecan,1.73,6/25/2019,
318,Gooseberry,4.27,11/15/2019,
319,Beets,1.3,1/7/2019,
320,Foil Wrap,3.41,6/12/2019,
321,Eggroll,1.25,5/30/2019,
322,"Wine - Red, Cabernet Merlot",3.56,4/9/2019,
323,Nantucket Apple Juice,1.28,10/27/2019,
324,Spaghetti Squash,2.05,11/10/2019,
325,Couscous,1.78,5/30/2019,
326,"Lobster - Baby, Boiled",4.61,12/22/2019,
327,Gherkin - Sour,3.36,6/13/2019,
328,Cheese - Valancey,3.41,12/29/2019,
329,Herb Du Provence - Primerba,2.71,1/18/2019,
330,Pork - Backfat,2.79,10/22/2019,
331,Lettuce - Belgian Endive,3.1,3/28/2019,
332,Bread - Rosemary Focaccia,1.61,7/24/2019,
333,Tea - Orange Pekoe,3.32,7/21/2019,
334,Tarts Assorted,2.98,2/9/2019,
335,Hog / Sausage Casing - Pork,3.49,6/16/2019,
336,Veal - Slab Bacon,3.59,1/11/2019,
337,"Beef - Ox Tail, Frozen",4.4,1/4/2019,
338,Salt - Table,2.97,8/28/2019,
339,Island Oasis - Strawberry,1.3,8/31/2019,
340,"Sugar - Brown, Individual",3.15,4/10/2019,
341,Extract - Rum,3.26,6/22/2019,
342,English Muffin,2.53,4/3/2019,
343,Table Cloth 81x81 Colour,4.1,12/12/2019,
344,Table Cloth 53x53 White,1.04,5/2/2019,
345,"Lentils - Green, Dry",3.37,3/18/2019,
346,Chicken - Livers,1.02,7/13/2019,
347,Snapple Raspberry Tea,2.5,2/25/2019,
348,Crush - Cream Soda,1.55,11/26/2019,
349,Vinegar - Tarragon,1.3,6/1/2019,
350,Mangoes,3.97,1/13/2019,
351,Juice - Happy Planet,3.39,2/24/2019,
352,Bread - Raisin Walnut Oval,3.86,2/20/2019,
353,"Roe - Lump Fish, Red",4.22,10/19/2019,
354,Bread - Rosemary Focaccia,3.91,9/25/2019,
355,Vinegar - Tarragon,2.09,6/28/2019,
356,Bread - Corn Muffaletta,1.4,12/12/2019,
357,Sugar - Brown,1.3,10/29/2019,
358,Soup - Campbells - Tomato,4.77,5/14/2019,
359,Pie Filling - Pumpkin,1.82,1/30/2019,
360,Truffle Shells - Semi - Sweet,3.11,3/22/2019,
361,"Cherries - Bing, Canned",4.78,9/19/2019,
362,Icecream - Dstk Cml And Fdg,1.67,1/13/2019,
363,Momiji Oroshi Chili Sauce,1.19,5/2/2019,
364,Muffin Hinge 117n,3.88,3/15/2019,
365,Tray - 16in Rnd Blk,1.31,1/19/2019,
366,Milk - Chocolate 250 Ml,2.28,4/15/2019,
367,Coffee - Almond Amaretto,1.19,1/28/2019,
368,Orange Roughy 4/6 Oz,1.65,2/3/2019,
369,Pork - Ground,1.4,6/25/2019,
370,"Stock - Veal, Brown",1.04,10/16/2019,
371,Sage - Ground,3.58,9/24/2019,
372,Sunflower Seed Raw,1.74,12/23/2019,
373,Easy Off Oven Cleaner,2.27,2/17/2019,
374,Lettuce - Frisee,4.73,1/9/2019,
375,"Lid - High Heat, Super Clear",3.68,5/10/2019,
376,"Shrimp, Dried, Small / Lb",2.96,1/11/2019,
377,Steel Wool,1.89,2/15/2019,
378,Carbonated Water - Blackcherry,2.19,10/7/2019,
379,Pie Shells 10,1.91,7/1/2019,
380,Icecream - Dstk Super Cone,2.53,5/18/2019,
381,Bag Clear 10 Lb,4.81,5/27/2019,
382,"Salmon - Whole, 4 - 6 Pounds",4.75,4/21/2019,
383,The Pop Shoppe Pinapple,3.86,4/10/2019,
384,Ice Cream Bar - Oreo Sandwich,3.45,4/10/2019,
385,Beef - Top Butt,2.12,7/28/2019,
386,Octopus,1.05,8/11/2019,
387,Ezy Change Mophandle,2.52,4/11/2019,
388,Smoked Paprika,2.27,1/28/2019,
389,Wine - George Duboeuf Rose,1.86,2/8/2019,
390,Island Oasis - Wildberry,4.8,7/3/2019,
391,Muffin Mix - Lemon Cranberry,3.23,9/8/2019,
392,"Fish - Soup Base, Bouillon",3.97,2/21/2019,
393,Green Scrubbie Pad H.duty,3.05,6/25/2019,
394,Anchovy Paste - 56 G Tube,3.47,11/15/2019,
395,Meldea Green Tea Liquor,4.88,6/26/2019,
396,Pork - Kidney,4.88,8/2/2019,
397,Lemon Tarts,2.74,11/8/2019,
398,Tuna - Loin,2.59,12/14/2019,
399,Oil - Sunflower,2.95,3/17/2019,
400,Lettuce - Boston Bib,4.39,9/28/2019,
401,Phyllo Dough,3.98,1/31/2019,
402,Wheat - Soft Kernal Of Wheat,1.95,7/5/2019,
403,Wooden Mop Handle,4.71,10/18/2019,
404,Cheese - Brie,1.67,7/1/2019,
405,Lobster - Base,4.94,10/5/2019,
406,Oats Large Flake,1.59,11/22/2019,
407,"Tortillas - Flour, 8",2.11,11/19/2019,
408,Cheese - Augre Des Champs,4.66,3/5/2019,
409,Cake - Cake Sheet Macaroon,2.57,8/19/2019,
410,Raisin - Dark,4.18,9/18/2019,
411,Cinnamon Buns Sticky,3.92,12/21/2019,
412,Snails - Large Canned,3.61,6/20/2019,
413,Ham - Cooked Bayonne Tinned,2.57,9/7/2019,
414,"Cheese - Cheddar, Mild",4.93,8/21/2019,
415,Celery Root,2.77,7/18/2019,
416,Amarula Cream,3.81,8/2/2019,
417,Yoplait Drink,1.08,2/9/2019,
418,"Beef - Ground, Extra Lean, Fresh",3.4,10/8/2019,
419,Cabbage - Red,3.26,1/9/2019,
420,Beef - Sushi Flat Iron Steak,3.49,6/22/2019,
421,Sauce - Roasted Red Pepper,3.3,3/9/2019,
422,"Pasta - Penne Primavera, Single",1.35,12/6/2019,
423,Cream - 18%,3.27,12/21/2019,
424,Radish,4.25,10/26/2019,
425,Cheese - La Sauvagine,2.07,1/25/2019,
426,Squid - Breaded,2.68,4/17/2019,
427,Mousse - Passion Fruit,2.74,5/7/2019,
428,"Roe - Lump Fish, Red",2.85,3/29/2019,
429,Shrimp - Black Tiger 16/20,3.83,3/17/2019,
430,Broccoli - Fresh,1.48,12/18/2019,
431,Carbonated Water - Blackcherry,3.39,2/13/2019,
432,"Syrup - Golden, Lyles",3.48,7/3/2019,
433,The Pop Shoppe - Root Beer,4.54,3/13/2019,
434,Wine - Carmenere Casillero Del,3.74,2/21/2019,
435,Bread - Multigrain,3.24,4/8/2019,
436,"Yogurt - Blueberry, 175 Gr",4.34,3/31/2019,
437,Cinnamon - Ground,1.44,8/9/2019,
438,Chocolate - Unsweetened,2.34,10/23/2019,
439,Compound - Mocha,3.68,6/16/2019,
440,Bread - French Stick,3.17,10/8/2019,
441,Sauce - Fish 25 Ozf Bottle,4.21,5/14/2019,
442,Gelatine Leaves - Envelopes,1.36,3/3/2019,
443,Towel - Roll White,3.14,4/30/2019,
444,Flour - Bread,4.75,8/27/2019,
445,Veal - Loin,1.08,7/7/2019,
446,Wine - Blue Nun Qualitatswein,4.82,5/3/2019,
447,"Wine - Red, Cabernet Sauvignon",1.26,6/17/2019,
448,Cheese - Cheddarsliced,4.17,11/10/2019,
449,Banana,3.34,11/1/2019,
450,"Bread - Pita, Mini",1.36,6/16/2019,
451,Pasta - Agnolotti - Butternut,4.15,4/7/2019,
452,Pastry - Baked Scones - Mini,3.67,4/6/2019,
453,Canada Dry,4.13,3/11/2019,
454,Potatoes - Pei 10 Oz,1.41,3/4/2019,
455,Chocolate - Compound Coating,1.96,9/18/2019,
456,Soup - Campbells - Tomato,2.28,8/24/2019,
457,Beer - Rickards Red,3.39,8/8/2019,
458,Island Oasis - Pina Colada,3.31,1/10/2019,
459,V8 - Tropical Blend,4.18,9/9/2019,
460,Apple - Macintosh,2.07,5/11/2019,
461,Wine - Ruffino Chianti Classico,2.67,11/27/2019,
462,"Mushroom - Enoki, Fresh",1.83,11/6/2019,
463,"Lemonade - Strawberry, 591 Ml",2.99,4/23/2019,
464,Shopper Bag - S - 4,2.84,12/8/2019,
465,Cumin - Whole,3.98,5/19/2019,
466,Dehydrated Kelp Kombo,3.35,2/14/2019,
467,"Juice - Clamato, 341 Ml",3.32,12/15/2019,
468,"Wine - Harrow Estates, Vidal",4.12,6/4/2019,
469,Chutney Sauce,1.38,9/7/2019,
470,Veal - Insides Provini,2.67,7/22/2019,
471,Water - San Pellegrino,1.16,2/6/2019,
472,Bagel - 12 Grain Preslice,1.57,7/12/2019,
473,Corn - Mini,1.49,9/12/2019,
474,Trout Rainbow Whole,2.7,1/24/2019,
475,Ecolab - Mikroklene 4/4 L,3.53,6/6/2019,
476,Tomatoes - Orange,3.83,9/11/2019,
477,Pancetta,1.56,8/13/2019,
478,Nut - Macadamia,1.62,10/29/2019,
479,Soup - Campbells Chili Veg,4.71,3/9/2019,
480,Tequila Rose Cream Liquor,2.81,6/8/2019,
481,Muffin Mix - Lemon Cranberry,1.58,2/15/2019,
482,Carbonated Water - Strawberry,4.73,3/8/2019,
483,Pickle - Dill,3.99,7/15/2019,
484,"Wine - White, Chardonnay",3.68,1/7/2019,
485,Lychee,1.15,9/11/2019,
486,Scallops 60/80 Iqf,1.82,1/13/2019,
487,Rye Special Old,1.45,1/19/2019,
488,Puff Pastry - Slab,3.41,11/28/2019,
489,Arctic Char - Fillets,1.56,5/1/2019,
490,Soup Campbells - Tomato Bisque,2.87,12/16/2019,
491,Cheese - Le Cheve Noir,4.26,9/19/2019,
492,Dooleys Toffee,3.82,12/5/2019,
493,"Chicken - Base, Ultimate",1.35,6/16/2019,
494,Wine - Baron De Rothschild,3.37,4/3/2019,
495,Vinegar - Sherry,1.3,1/21/2019,
496,Muffin Hinge 117n,3.31,7/14/2019,
497,"Pork - Bacon, Sliced",4.19,6/18/2019,
498,Otomegusa Dashi Konbu,3.84,8/22/2019,
499,Tahini Paste,3.9,11/30/2019,
500,Table Cloth 90x90 Colour,3.01,1/19/2019,
501,Cape Capensis - Fillet,1.75,2/4/2019,
502,Tea Leaves - Oolong,3.99,1/30/2019,
503,Wine - Magnotta - Bel Paese White,3.85,9/9/2019,
504,Eggplant - Baby,4.35,2/22/2019,
505,Limes,2.47,1/22/2019,
506,"Beef - Ox Tail, Frozen",1.39,9/17/2019,
507,Coffee Guatemala Dark,3.75,6/5/2019,
508,Oven Mitts - 15 Inch,4.08,5/16/2019,
509,Compound - Raspberry,1.83,10/8/2019,
510,Wine - Vouvray Cuvee Domaine,4.49,7/8/2019,
511,Kellogs Special K Cereal,2.28,12/6/2019,
512,Sauce - Chili,4.87,4/25/2019,
513,Nantucket - Carrot Orange,1.44,11/2/2019,
514,Clams - Bay,3.49,9/1/2019,
515,"Wine - White, Cooking",1.01,4/7/2019,
516,Lady Fingers,4.92,2/23/2019,
517,Wiberg Super Cure,3.8,8/18/2019,
518,Bag - Regular Kraft 20 Lb,1.23,4/1/2019,
519,Chinese Foods - Pepper Beef,2.34,12/29/2019,
520,"Sugar - Brown, Individual",3.88,8/20/2019,
521,Vaccum Bag - 14x20,1.85,11/4/2019,
522,Squash - Sunburst,4.9,4/13/2019,
523,Mini - Vol Au Vents,2.76,9/2/2019,
524,"Vodka - Hot, Lnferno",4.54,2/14/2019,
525,Tea - Herbal Orange Spice,1.03,5/8/2019,
526,Muffin - Blueberry Individual,3.66,9/8/2019,
527,Curry Powder,3.03,8/8/2019,
528,Jack Daniels,2.91,3/2/2019,
529,Mcgillicuddy Vanilla Schnap,3.76,10/28/2019,
530,Sproutsmustard Cress,4.73,1/6/2019,
531,Lettuce - Treviso,3.81,11/23/2019,
532,"Pasta - Spaghetti, Dry",4.08,7/15/2019,
533,Chivas Regal - 12 Year Old,1.8,1/9/2019,
534,Whmis Spray Bottle Graduated,3.47,7/20/2019,
535,Lettuce - Arugula,2.29,9/14/2019,
536,Tuna - Bluefin,2.87,10/7/2019,
537,"Arctic Char - Fresh, Whole",1.59,3/28/2019,
538,Table Cloth 54x72 White,1.19,10/15/2019,
539,"Tuna - Canned, Flaked, Light",1.1,3/28/2019,
540,Tomato - Peeled Italian Canned,2.45,10/7/2019,
541,"Sauce - Apple, Unsweetened",4.52,10/19/2019,
542,"Cheese - Havarti, Roasted Garlic",3.51,4/6/2019,
543,True - Vue Containers,2.6,12/8/2019,
544,Cheese - Oka,1.19,12/6/2019,
545,Wine - Domaine Boyar Royal,4.55,4/24/2019,
546,Jagermeister,4.63,8/5/2019,
547,Shrimp - Prawn,3.67,10/24/2019,
548,Soup - Campbells,3.77,8/20/2019,
549,Garbage Bags - Black,1.91,12/15/2019,
550,Beer - Steamwhistle,1.2,10/10/2019,
551,Ham - Cooked Italian,2.97,6/27/2019,
552,Galliano,4.63,4/23/2019,
553,Soup - Campbells - Tomato,2.49,1/8/2019,
554,"Lemonade - Natural, 591 Ml",2.14,3/9/2019,
555,Pastry - Apple Large,1.26,12/21/2019,
556,Kippers - Smoked,3.46,1/28/2019,
557,Table Cloth 54x72 Colour,2.41,12/6/2019,
558,Arizona - Plum Green Tea,4.76,1/29/2019,
559,Galliano,3.15,3/2/2019,
560,Lamb - Ground,3.29,8/9/2019,
561,"Yogurt - Peach, 175 Gr",3.88,1/4/2019,
562,"Veal - Brisket, Provimi,bnls",1.69,4/8/2019,
563,Onions - Cooking,3.48,4/3/2019,
564,Amarula Cream,3.29,1/3/2019,
565,"Nut - Almond, Blanched, Whole",1.48,6/2/2019,
566,Chevril,2.23,5/18/2019,
567,"Clams - Littleneck, Whole",1.47,8/24/2019,
568,Nut - Macadamia,3.13,4/29/2019,
569,"Wine - White, Lindemans Bin 95",4.29,11/26/2019,
570,Hand Towel,3.23,5/28/2019,
571,"Crab - Dungeness, Whole",2.23,12/29/2019,
572,Cheese - Oka,2.71,9/12/2019,
573,Muffin Mix - Carrot,3.51,8/9/2019,
574,Tamarillo,4.93,3/31/2019,
575,"Tomatoes - Vine Ripe, Red",2.39,7/3/2019,
576,Salt And Pepper Mix - White,4.31,7/4/2019,
577,Ecolab - Mikroklene 4/4 L,1.07,1/20/2019,
578,"Pepper - Black, Whole",2.9,11/27/2019,
579,Apple - Macintosh,1.3,4/17/2019,
580,Wine - Sogrape Mateus Rose,3.37,12/4/2019,
581,"Soup - Campbells, Minestrone",3.35,6/24/2019,
582,Sauce - Balsamic Viniagrette,1.9,3/31/2019,
583,Creamers - 10%,2.17,8/23/2019,
584,Sauce - Caesar Dressing,4.65,7/22/2019,
585,Lamb Leg - Bone - In Nz,4.48,2/22/2019,
586,Beer - Corona,4.2,9/7/2019,
587,Cake - Bande Of Fruit,4.78,8/30/2019,
588,Toothpick Frilled,4.71,5/23/2019,
589,Cheese - Mozzarella,2.59,11/17/2019,
590,Bouillion - Fish,4.21,12/23/2019,
591,Foam Dinner Plate,3.5,11/4/2019,
592,Clams - Canned,1.03,7/13/2019,
593,Extract Vanilla Pure,4.07,1/31/2019,
594,Pie Shell - 5,1.33,3/28/2019,
595,Chocolate - Unsweetened,3.08,2/11/2019,
596,Cake - Cake Sheet Macaroon,2.36,12/11/2019,
597,"Wine - White, Mosel Gold",2.44,6/15/2019,
598,Mushroom - Morel Frozen,2.92,5/9/2019,
599,Towel Dispenser,4.63,2/11/2019,
600,Halibut - Steaks,2.67,6/14/2019,
601,Veal - Knuckle,2.3,9/29/2019,
602,Coffee Cup 12oz 5342cd,4.65,10/25/2019,
603,Shiratamako - Rice Flour,2.24,8/29/2019,
604,Broccoli - Fresh,1.06,3/18/2019,
605,Graham Cracker Mix,4.68,2/5/2019,
606,Otomegusa Dashi Konbu,2.98,6/10/2019,
607,Coffee Decaf Colombian,1.35,1/8/2019,
608,Chicken Breast Halal,1.08,6/22/2019,
609,Rappini - Andy Boy,1.13,5/18/2019,
610,Parsley - Fresh,2.27,10/7/2019,
611,Salmon - Canned,4.23,4/27/2019,
612,Mcgillicuddy Vanilla Schnap,3.53,11/9/2019,
613,Energy Drink,3.75,8/22/2019,
614,Juice - Cranberry 284ml,3.66,8/9/2019,
615,Energy - Boo - Koo,2.72,9/16/2019,
616,Vinegar - Sherry,4.53,10/22/2019,
617,Avocado,1.05,3/23/2019,
618,Beer - Rickards Red,2.09,1/20/2019,
619,"Seedlings - Buckwheat, Organic",1.54,3/12/2019,
620,Muffin Mix - Corn Harvest,4.94,12/9/2019,
621,Pastry - Raisin Muffin - Mini,2.26,12/1/2019,
622,Icecream - Dstk Super Cone,4.38,11/18/2019,
623,Cheese - Sheep Milk,2.7,3/10/2019,
624,Curry Powder,2.47,6/13/2019,
625,Mangostein,3.11,6/1/2019,
626,Tofu - Soft,4.04,6/15/2019,
627,Flour - Masa De Harina Mexican,2.54,2/1/2019,
628,Curry Paste - Green Masala,2.25,6/1/2019,
629,V8 - Vegetable Cocktail,2.85,4/20/2019,
630,Godiva White Chocolate,2.04,7/23/2019,
631,Foam Espresso Cup Plain White,1.97,5/30/2019,
632,Beer - Sleeman Fine Porter,3.57,4/26/2019,
633,"Mop Head - Cotton, 24 Oz",3.9,6/20/2019,
634,Tofu - Firm,1.34,2/2/2019,
635,Sage - Rubbed,3.96,1/5/2019,
636,Cardamon Seed / Pod,2.26,6/3/2019,
637,Eggplant Italian,2.98,2/27/2019,
638,Bagel - Whole White Sesame,4.35,12/26/2019,
639,"Chilli Paste, Sambal Oelek",4.63,3/16/2019,
640,"Tart Shells - Savory, 3",2.22,1/18/2019,
641,Ecolab Crystal Fusion,2.07,7/3/2019,
642,Cabbage Roll,2.63,4/10/2019,
643,Coffee Decaf Colombian,3.43,10/8/2019,
644,Juice - Lemon,1.59,12/12/2019,
645,"Turkey - Breast, Boneless Sk On",3.06,1/14/2019,
646,Beef - Texas Style Burger,1.12,10/4/2019,
647,Cheese - St. Paulin,4.8,2/8/2019,
648,"Cheese - Cheddar, Mild",4.13,2/11/2019,
649,"Chocolate - Pistoles, White",1.33,12/15/2019,
650,Orange - Tangerine,3.49,4/30/2019,
651,Straws - Cocktale,3.94,3/5/2019,
652,Mushroom - Lg - Cello,2.72,9/3/2019,
653,Flower - Carnations,1.56,9/7/2019,
654,Scallops - 10/20,2.97,12/11/2019,
655,Clam - Cherrystone,1.4,5/7/2019,
656,Parasol Pick Stir Stick,3.92,10/8/2019,
657,Bread - Rye,4.33,5/9/2019,
658,Potatoes - Mini White 3 Oz,4.77,9/27/2019,
659,Aspic - Amber,1.27,12/11/2019,
660,Sproutsmustard Cress,1.41,11/27/2019,
661,Wine - Rosso Del Veronese Igt,2.5,1/17/2019,
662,Longos - Chicken Wings,3.85,7/9/2019,
663,"Wine - White, Riesling, Henry Of",2.69,8/17/2019,
664,Lemon Pepper,1.12,1/25/2019,
665,Assorted Desserts,2.91,6/21/2019,
666,Soup - Campbells Broccoli,2.49,12/9/2019,
667,"Pasta - Penne, Lisce, Dry",2.72,3/19/2019,
668,Snails - Large Canned,4.76,9/7/2019,
669,Soup - Campbells Pasta Fagioli,2.88,5/18/2019,
670,Potatoes - Mini White 3 Oz,2.02,3/21/2019,
671,Icecream Bar - Del Monte,2.83,1/15/2019,
672,Puree - Mocha,5,10/15/2019,
673,Eel - Smoked,2.88,2/27/2019,
674,Flower - Daisies,1.01,8/7/2019,
675,Cotton Wet Mop 16 Oz,4.37,3/30/2019,
676,Five Alive Citrus,1.59,8/10/2019,
677,Cheese - Mix,4.31,11/21/2019,
678,Nacho Chips,3.28,1/31/2019,
679,Pail For Lid 1537,1.7,5/15/2019,
680,Pineapple - Golden,4.57,8/21/2019,
681,Banana Turning,4.87,8/29/2019,
682,Boogies,3.89,12/4/2019,
683,Mushroom - Morel Frozen,2.78,3/7/2019,
684,Wine - Hardys Bankside Shiraz,3.32,5/4/2019,
685,Carbonated Water - Lemon Lime,2.27,3/5/2019,
686,Beef - Texas Style Burger,3.75,5/12/2019,
687,Monkfish - Fresh,4.64,7/11/2019,
688,"Pepper - Chipotle, Canned",3.71,3/3/2019,
689,Beets - Mini Golden,2.63,11/7/2019,
690,Tomatoes - Hot House,3.09,7/7/2019,
691,Oil - Olive Bertolli,1.25,12/26/2019,
692,Magnotta Bel Paese Red,1.43,12/11/2019,
693,Bandage - Fexible 1x3,2.33,10/17/2019,
694,Hot Choc Vending,4.84,5/19/2019,
695,"Onions - Dried, Chopped",3.72,6/4/2019,
696,Wine - Chateau Aqueria Tavel,3.16,10/25/2019,
697,Basil - Fresh,2.34,6/25/2019,
698,Walkers Special Old Whiskey,3.83,8/20/2019,
699,Tomato - Tricolor Cherry,4.8,2/20/2019,
700,Mince Meat - Filling,3.63,1/6/2019,
701,Beer - Original Organic Lager,4.27,1/14/2019,
702,Calvados - Boulard,1,4/16/2019,
703,Nantucket Cranberry Juice,4.19,12/16/2019,
704,Squash - Sunburst,2.47,3/8/2019,
705,"Wine - Niagara,vqa Reisling",4.49,8/2/2019,
706,Muffin - Mix - Strawberry Rhubarb,2.75,3/2/2019,
707,"Wine - Red, Colio Cabernet",1.25,9/5/2019,
708,Pastry - Key Limepoppy Seed Tea,4.16,7/6/2019,
709,Calypso - Pineapple Passion,3.34,1/19/2019,
710,Hog / Sausage Casing - Pork,2.2,2/22/2019,
711,"Sugar - Brown, Individual",1.7,6/13/2019,
712,Longos - Grilled Veg Sandwiches,2.39,9/11/2019,
713,Salt And Pepper Mix - White,1.26,7/10/2019,
714,Nantucket - 518ml,2.59,4/22/2019,
715,Potatoes - Idaho 100 Count,3.89,8/25/2019,
716,Cookie Dough - Peanut Butter,3.64,1/18/2019,
717,Tea - Vanilla Chai,3.96,3/28/2019,
718,Ecolab Silver Fusion,1.43,2/23/2019,
719,Bag Stand,4.72,3/15/2019,
720,Tart - Pecan Butter Squares,3.93,1/16/2019,
721,Chambord Royal,2.33,10/17/2019,
722,Pork - Inside,3.19,10/3/2019,
723,"Wine - Mas Chicet Rose, Vintage",4.41,4/15/2019,
724,Celery,4.08,4/24/2019,
725,"Mushroom - Morels, Dry",2.5,6/10/2019,
726,Sauce Tomato Pouch,4.98,8/21/2019,
727,Pastry - Apple Large,1.79,9/20/2019,
728,Grenadine,3.91,1/8/2019,
729,Pomegranates,2.77,2/2/2019,
730,Bread Crumbs - Japanese Style,4.45,5/30/2019,
731,Pastry - Trippleberry Muffin - Mini,1.27,7/19/2019,
732,Flour - Semolina,2.46,8/14/2019,
733,Seaweed Green Sheets,1.03,2/26/2019,
734,"Juice - Orange, Concentrate",3.27,1/17/2019,
735,Cake Slab,4.5,9/14/2019,
736,Spinach - Baby,2.17,9/2/2019,
737,Higashimaru Usukuchi Soy,4.93,12/16/2019,
738,"Leeks - Baby, White",3.43,4/4/2019,
739,"Beans - Black Bean, Canned",2.6,8/20/2019,
740,Sun - Dried Tomatoes,3,12/4/2019,
741,Tea - Herbal I Love Lemon,2.92,11/11/2019,
742,Soap - Pine Sol Floor Cleaner,3.99,8/25/2019,
743,Eggplant - Asian,2.82,7/29/2019,
744,Potatoes - Pei 10 Oz,1.49,3/20/2019,
745,Lettuce - Arugula,2.59,12/23/2019,
746,Sambuca - Opal Nera,1.91,1/23/2019,
747,Curry Powder Madras,3.41,1/31/2019,
748,Carbonated Water - Peach,2.77,11/18/2019,
749,Fuji Apples,4.42,9/22/2019,
750,Limes,3.21,6/5/2019,
751,Calypso - Strawberry Lemonade,1.52,7/29/2019,
752,Bread Base - Toscano,4.28,8/23/2019,
753,Cake - Cheese Cake 9 Inch,4.3,8/6/2019,
754,Teriyaki Sauce,4.5,1/31/2019,
755,"Pepper - Black, Crushed",4.05,8/27/2019,
756,Higashimaru Usukuchi Soy,4.52,4/18/2019,
757,"Soup - Knorr, Chicken Gumbo",4.51,3/21/2019,
758,Beer - Moosehead,3.28,1/12/2019,
759,True - Vue Containers,2.1,4/19/2019,
760,"Beans - Black Bean, Canned",2.76,1/17/2019,
761,Shrimp - Black Tiger 13/15,2.19,6/6/2019,
762,Bok Choy - Baby,3.57,7/29/2019,
763,"Wine - White, Chardonnay",2.77,10/28/2019,
764,Wine - Winzer Krems Gruner,4.72,6/6/2019,
765,Venison - Striploin,4.96,8/18/2019,
766,Sea Urchin,3.24,1/16/2019,
767,Oil - Coconut,2.58,12/27/2019,
768,Sambuca - Opal Nera,4.3,5/15/2019,
769,The Pop Shoppe - Grape,3.09,5/4/2019,
770,"Wine - Red, Marechal Foch",2.3,6/6/2019,
771,Peach - Fresh,2.04,2/10/2019,
772,Bread - Sour Sticks With Onion,4.35,2/16/2019,
773,Bread - Italian Corn Meal Poly,4.12,6/18/2019,
774,Stainless Steel Cleaner Vision,2.17,1/19/2019,
775,Galliano,4.44,12/5/2019,
776,Island Oasis - Pina Colada,4.82,4/18/2019,
777,Red Cod Fillets - 225g,2.8,12/26/2019,
778,Lambcasing,4.2,8/20/2019,
779,Olive - Spread Tapenade,4.08,11/24/2019,
780,Apricots Fresh,3.65,8/4/2019,
781,Miso - Soy Bean Paste,3.82,5/24/2019,
782,Pepper - Cayenne,3.01,10/5/2019,
783,Raspberries - Fresh,1.72,1/7/2019,
784,Shrimp - Black Tiger 26/30,1.21,10/6/2019,
785,Bread Base - Goodhearth,2.24,4/12/2019,
786,Easy Off Oven Cleaner,4.22,9/13/2019,
787,Ice Cream Bar - Drumstick,3.35,7/23/2019,
788,Muffin Mix - Blueberry,4.49,2/5/2019,
789,Wine - Gewurztraminer Pierre,3.22,2/5/2019,
790,Flour - Masa De Harina Mexican,1.93,2/1/2019,
791,Sesame Seed,3.73,12/28/2019,
792,Napkin - Beverage 1 Ply,2.01,9/9/2019,
793,Lamb - Loin Chops,5,11/28/2019,
794,Gatorade - Fruit Punch,2.75,3/13/2019,
795,Garlic Powder,2.91,1/14/2019,
796,Tofu - Firm,1.72,5/7/2019,
797,Molasses - Fancy,4.45,10/25/2019,
798,"Sauce - Black Current, Dry Mix",3.53,11/26/2019,
799,"Wine - Bourgogne 2002, La",4.24,2/8/2019,
800,"Pepper - Chipotle, Canned",3.89,6/12/2019,
801,Sprouts - Peppercress,3.99,8/29/2019,
802,Graham Cracker Mix,1.15,6/4/2019,
803,Sausage - Blood Pudding,3.64,6/24/2019,
804,Curry Powder,2.34,6/22/2019,
805,Wine - Fontanafredda Barolo,4.63,3/22/2019,
806,Apples - Sliced / Wedge,1.86,10/11/2019,
807,Soup Campbells Beef With Veg,1.97,1/13/2019,
808,"Apple - Delicious, Golden",4.24,3/29/2019,
809,"Roe - Lump Fish, Black",2.2,3/6/2019,
810,Pickle - Dill,3.66,7/2/2019,
811,Mint - Fresh,4.44,5/19/2019,
812,Ham - Cooked Italian,1.65,5/26/2019,
813,"Lamb - Leg, Diced",4.63,9/19/2019,
814,White Fish - Filets,1.03,5/29/2019,
815,Muffin - Banana Nut Individual,3.35,9/15/2019,
816,Soap - Mr.clean Floor Soap,1.95,8/17/2019,
817,Lettuce - Green Leaf,1.96,7/5/2019,
818,Bagelers - Cinn / Brown,3.45,10/25/2019,
819,Lamb Shoulder Boneless Nz,4.6,8/24/2019,
820,Spice - Greek 1 Step,1.52,4/4/2019,
821,Blouse / Shirt / Sweater,2.31,7/20/2019,
822,"Lamb - Loin, Trimmed, Boneless",3.75,4/18/2019,
823,Carbonated Water - Cherry,2.88,3/5/2019,
824,Fireball Whisky,1.41,8/23/2019,
825,Cookie - Oreo 100x2,1.25,3/19/2019,
826,Cheese - Feta,2.46,11/29/2019,
827,Red Currants,2.17,12/18/2019,
828,Potato - Sweet,3.31,10/15/2019,
829,Paper - Brown Paper Mini Cups,2.22,8/14/2019,
830,"Doilies - 7, Paper",4.11,12/15/2019,
831,Pastry - French Mini Assorted,1.19,8/12/2019,
832,Praline Paste,3.51,12/2/2019,
833,Buttons,4.22,9/16/2019,
834,Lettuce - Boston Bib - Organic,3.81,11/28/2019,
835,"Pasta - Lasagne, Fresh",3.63,4/21/2019,
836,Wine - Chardonnay Mondavi,2.5,6/23/2019,
837,"Thyme - Lemon, Fresh",2.45,9/21/2019,
838,Shrimp - 100 / 200 Cold Water,3.1,5/3/2019,
839,Lid - 3oz Med Rec,4.75,1/16/2019,
840,Wine - Cava Aria Estate Brut,2.9,9/7/2019,
841,"Flour - Buckwheat, Dark",3.1,6/28/2019,
842,Extract Vanilla Pure,2.7,7/9/2019,
843,Saskatoon Berries - Frozen,4.59,10/21/2019,
844,"Fish - Scallops, Cold Smoked",2.13,3/10/2019,
845,Veal - Bones,1.22,11/29/2019,
846,"Wine - Red, Cooking",4.14,5/15/2019,
847,Tofu - Soft,3.55,7/15/2019,
848,"Mushroom - Porcini, Dry",2.49,7/22/2019,
849,Wine - Jafflin Bourgongone,4.51,3/13/2019,
850,"Beef - Roasted, Cooked",1.64,12/27/2019,
851,"Coconut - Shredded, Sweet",1.37,8/13/2019,
852,Ginsing - Fresh,2.64,2/1/2019,
853,Cheese - Le Cheve Noir,2.55,3/25/2019,
854,Bread - Raisin Walnut Pull,2.15,5/19/2019,
855,Wine - Sawmill Creek Autumn,2.99,10/23/2019,
856,Wine - Wyndham Estate Bin 777,3.88,9/3/2019,
857,Cheese - Ermite Bleu,2.03,2/19/2019,
858,Glass Clear 7 Oz Xl,2.14,2/25/2019,
859,Veal - Leg,2.81,1/30/2019,
860,Garlic - Elephant,2.25,3/14/2019,
861,"Juice - Clam, 46 Oz",3.88,6/11/2019,
862,Syrup - Chocolate,4.12,11/12/2019,
863,Mushroom - Portebello,4.51,11/14/2019,
864,"Wine - Red, Gallo, Merlot",1.91,11/13/2019,
865,Soap - Hand Soap,4.07,7/10/2019,
866,Pastry - Chocolate Marble Tea,1.19,2/8/2019,
867,Lemon Grass,4.7,6/6/2019,
868,Sauce - Hollandaise,4.5,2/18/2019,
869,Lettuce - Red Leaf,3.17,5/9/2019,
870,Wine - Barolo Fontanafredda,3.26,10/6/2019,
871,Icecream - Dstk Strw Chseck,1.59,8/9/2019,
872,Chocolate - Liqueur Cups With Foil,2.79,1/26/2019,
873,Raisin - Golden,3.88,8/18/2019,
874,Soup - Cream Of Potato / Leek,2.38,12/11/2019,
875,Broom And Broom Rack White,3.89,11/26/2019,
876,Bacardi Limon,1.52,5/24/2019,
877,Ecolab - Balanced Fusion,2.99,12/27/2019,
878,Puree - Pear,2.08,4/14/2019,
879,Apples - Sliced / Wedge,4.26,1/8/2019,
880,Coconut - Whole,3.54,1/6/2019,
881,"Lamb - Leg, Diced",3.37,5/18/2019,
882,Kumquat,3.7,8/1/2019,
883,Appetizer - Veg Assortment,1.69,6/23/2019,
884,Gherkin - Sour,1.85,4/27/2019,
885,Dehydrated Kelp Kombo,3.82,5/31/2019,
886,Ecolab Crystal Fusion,2.74,11/19/2019,
887,"Chocolate - Pistoles, White",2.57,6/20/2019,
888,Rice - 7 Grain Blend,3.02,2/20/2019,
889,Puree - Raspberry,3.56,2/19/2019,
890,Foam Tray S2,3.26,9/13/2019,
891,Sauce - Demi Glace,3.1,9/7/2019,
892,Straw - Regular,4.52,6/7/2019,
893,Oven Mitt - 13 Inch,2.22,6/5/2019,
894,Cheese - Pont Couvert,3.93,2/27/2019,
895,Shopper Bag - S - 4,4.92,3/22/2019,
896,Cake Slab,1.33,7/5/2019,
897,Pork Ham Prager,3.66,5/29/2019,
898,Tequila Rose Cream Liquor,3.51,1/21/2019,
899,Tomatoes - Grape,4.57,4/30/2019,
900,"Pepper - Red, Finger Hot",1.82,10/15/2019,
901,Bowl 12 Oz - Showcase 92012,3.45,5/14/2019,
902,Pepper - Scotch Bonnet,3.53,9/9/2019,
903,Table Cloth 54x54 White,3.68,4/2/2019,
904,"Pork - Ham, Virginia",2.67,8/12/2019,
905,Muffin Hinge - 211n,1.84,12/26/2019,
906,"Soup - Campbells, Minestrone",2.24,8/2/2019,
907,Tea - Earl Grey,1.24,3/23/2019,
908,Taro Root,4.59,12/28/2019,
909,Wine - Zinfandel Rosenblum,4.98,1/24/2019,
910,Quail - Jumbo Boneless,1.65,4/10/2019,
911,Pork - Suckling Pig,4.2,11/9/2019,
912,"Shrimp - 21/25, Peel And Deviened",4.54,3/7/2019,
913,Gherkin - Sour,2.47,6/29/2019,
914,Tea - Honey Green Tea,2.51,5/22/2019,
915,Pasta - Ravioli,1.3,2/22/2019,
916,Lamb Leg - Bone - In Nz,1.5,11/18/2019,
917,"Juice - Pineapple, 48 Oz",2.4,10/28/2019,
918,"Wine - Niagara,vqa Reisling",2.62,5/19/2019,
919,"Flour - Corn, Fine",4.88,11/14/2019,
920,"Yogurt - Blueberry, 175 Gr",2.68,4/20/2019,
921,"Stock - Chicken, White",1.3,7/2/2019,
922,"Napkin - Dinner, White",3.07,9/8/2019,
923,Bacardi Mojito,2.52,1/14/2019,
924,"Lamb - Whole, Frozen",1.44,11/19/2019,
925,"Tortillas - Flour, 8",3.84,8/5/2019,
926,The Pop Shoppe Pinapple,4.62,2/22/2019,
927,Cheese - Valancey,4.85,12/23/2019,
928,"Wine - Saint - Bris 2002, Sauv",2.77,2/26/2019,
929,Kohlrabi,4.49,11/21/2019,
930,Energy - Boo - Koo,4.74,8/5/2019,
931,"Pork - Loin, Bone - In",3.56,6/25/2019,
932,Yoplait Drink,2.81,6/30/2019,
933,"Red Snapper - Fillet, Skin On",3.46,7/27/2019,
934,Vanilla Beans,3.14,6/11/2019,
935,Wine - Taylors Reserve,2.88,6/10/2019,
936,Wooden Mop Handle,3.09,6/8/2019,
937,Cafe Royale,4.14,1/21/2019,
938,"Bread - Pullman, Sliced",1.55,2/18/2019,
939,Cheese Cloth,3.4,3/18/2019,
940,Pastry - Banana Muffin - Mini,2.79,3/10/2019,
941,"Asparagus - White, Fresh",1.89,5/7/2019,
942,Bread - French Baquette,2.44,9/7/2019,
943,Longos - Lasagna Veg,2.81,8/26/2019,
944,Fenngreek Seed,2.9,9/17/2019,
945,Higashimaru Usukuchi Soy,2.01,8/13/2019,
946,Celery,2.86,10/16/2019,
947,Appetizer - Lobster Phyllo Roll,2.72,1/18/2019,
948,"Oil - Shortening,liqud, Fry",1.45,4/26/2019,
949,Plate Pie Foil,4.65,11/5/2019,
950,Red Currant Jelly,3.74,11/11/2019,
951,Beer - Camerons Auburn,2.24,2/18/2019,
952,Sauce - Chili,3.16,6/30/2019,
953,Milk - Homo,3.34,12/16/2019,
954,Sauce - Plum,2.19,2/20/2019,
955,"Juice - Clam, 46 Oz",2.46,12/25/2019,
956,"Yeast - Fresh, Fleischman",3.25,11/5/2019,
957,Hold Up Tool Storage Rack,3.36,5/13/2019,
958,Oil - Hazelnut,4.32,1/1/2019,
959,Roe - Flying Fish,2.14,6/17/2019,
960,Berry Brulee,1.71,7/11/2019,
961,Juice - Ocean Spray Cranberry,3.98,5/21/2019,
962,"Bar Mix - Pina Colada, 355 Ml",4.55,12/18/2019,
963,Ginger - Fresh,4.59,10/4/2019,
964,"Pepper - Paprika, Hungarian",2.79,10/6/2019,
965,Sauce - Balsamic Viniagrette,2.15,12/7/2019,
966,Soup - Campbells Chili,2.73,1/5/2019,
967,Cut Wakame - Hanawakaba,1.76,2/18/2019,
968,Puree - Mango,2.4,2/28/2019,
969,Coffee - Decafenated,3.44,4/8/2019,
970,Beer - Sleeman Fine Porter,4.11,9/27/2019,
971,Chips - Potato Jalapeno,1,10/4/2019,
972,Skewers - Bamboo,4.41,7/10/2019,
973,Soup - Verve - Chipotle Chicken,1.98,5/30/2019,
974,Tart - Pecan Butter Squares,2.02,10/9/2019,
975,"Nut - Pecan, Halves",3.75,6/3/2019,
976,Pomello,3.37,10/21/2019,
977,Wine - Zinfandel Rosenblum,2.44,4/18/2019,
978,Macaroons - Homestyle Two Bit,3.55,1/9/2019,
979,Icecream - Dibs,1.67,10/10/2019,
980,"Star Anise, Whole",1.6,9/15/2019,
981,"Thyme - Lemon, Fresh",4.89,3/25/2019,
982,"Bread - Sticks, Thin, Plain",4.08,6/3/2019,
983,Bagelers,1.88,12/29/2019,
984,Wasabi Powder,4.95,3/8/2019,
985,"Lamb - Leg, Diced",4.28,8/5/2019,
986,Sauce Tomato Pouch,1.25,4/10/2019,
987,Food Colouring - Green,3.8,10/12/2019,
988,"Lamb - Leg, Diced",2.44,9/12/2019,
989,Nacho Chips,4.79,7/10/2019,
990,Gherkin - Sour,4.82,12/16/2019,
991,Wine - Muscadet Sur Lie,1.82,11/24/2019,
992,Crackers - Trio,1.39,5/20/2019,
993,Calypso - Lemonade,1.09,11/11/2019,
994,"Sole - Dover, Whole, Fresh",3.02,1/20/2019,
995,Pork - Ground,1.46,7/25/2019,
996,Longos - Grilled Salmon With Bbq,2.75,5/17/2019,
997,"Tarragon - Primerba, Paste",2.2,3/6/2019,
998,Quiche Assorted,3.34,2/3/2019,
999,Glove - Cutting,2.87,5/10/2019,
1000,Beans - Soya Bean,4.39,2/18/2019,
